DivYld,EPS,PE,_1YTargetEst,_52wkrange,avg_vol,beta,mktcap,name_tk,px
5.92 (3.27%),9.25,19.16,182.93,114.04 - 187.27,"2,761,219",0.95,102.622B,3M Company (MMM),177.21
1.80 (1.42%),2.50,50.68,134.88,61.61 - 126.87,"4,921,956",0.73,224.806B,Abbott Laboratories (ABT),126.84
5.20 (5.01%),2.72,38.14,120.48,62.55 - 113.41,"7,642,975",0.81,183.168B,AbbVie Inc. (ABBV),103.75
N/A (N/A),4.39,73.61,378.00,119.01 - 387.40,"308,061",1.39,14.606B,"Abiomed, Inc. (ABMD)",322.93
3.52 (1.37%),8.12,31.88,281.36,137.15 - 271.18,"1,895,051",1.12,171.584B,Accenture plc (ACN),258.97
N/A (N/A),2.82,36.61,111.02,50.51 - 104.23,"6,491,364",0.66,79.79B,"Activision Blizzard, Inc. (ATVI)",103.24
N/A (N/A),10.83,45.86,563.44,255.13 - 536.88,"2,575,945",0.97,237.732B,Adobe Inc. (ADBE),496.62
N/A (N/A),2.06,44.89,102.37,36.75 - 99.23,"42,946,298",2.20,112.241B,"Advanced Micro Devices, Inc. (AMD)",92.66
1.00 (0.65%),6.87,22.49,176.75,71.33 - 177.92,"1,061,445",1.32,10.481B,"Advance Auto Parts, Inc. (AAP)",154.46
0.60 (2.15%),-0.53,N/A,28.29,8.11 - 28.68,"6,375,579",0.87,18.624B,The AES Corporation (AES),28.00
1.32 (2.82%),6.67,7.03,46.80,23.07 - 52.82,"3,815,290",0.98,32.469B,Aflac Incorporated (AFL),46.89
0.78 (0.61%),2.30,55.20,125.71,61.13 - 129.34,"1,793,579",1.01,38.772B,"Agilent Technologies, Inc. (A)",126.96
6.00 (2.33%),8.51,30.27,302.14,167.43 - 327.89,"1,457,235",0.81,57.021B,"Air Products and Chemicals, Inc. (APD)",257.69
N/A (N/A),3.37,30.11,126.00,75.18 - 124.91,"1,833,303",0.41,16.538B,"Akamai Technologies, Inc. (AKAM)",101.46
N/A (N/A),-10.59,N/A,60.29,20.02 - 66.96,"1,900,588",1.82,7.134B,"Alaska Air Group, Inc. (ALK)",57.69
1.54 (0.96%),3.59,44.53,134.68,48.89 - 188.35,"1,695,775",1.59,18.644B,Albemarle Corporation (ALB),159.85
4.36 (2.54%),6.01,28.62,192.38,109.22 - 179.79,"874,466",0.77,23.508B,"Alexandria Real Estate Equities, Inc. (ARE)",171.98
N/A (N/A),2.72,56.83,172.65,72.67 - 162.60,"2,833,254",1.24,33.965B,"Alexion Pharmaceuticals, Inc. (ALXN)",154.59
N/A (N/A),22.41,26.73,610.00,127.88 - 634.46,"530,203",1.72,47.231B,"Align Technology, Inc. (ALGN)",599.00
N/A (N/A),3.24,36.77,118.22,77.37 - 139.24,"659,274",1.13,10.963B,Allegion plc (ALLE),119.11
1.61 (3.31%),2.69,18.13,57.11,37.66 - 60.28,"1,191,427",0.33,12.166B,Alliant Energy Corporation (LNT),48.71
2.16 (2.07%),17.31,6.04,125.14,64.13 - 125.92,"1,795,020",0.83,31.782B,The Allstate Corporation (ALL),104.48
N/A (N/A),58.61,35.64,"2,283.14","1,008.87 - 2,115.00","1,667,541",0.99,1.41T,Alphabet Inc. (GOOGL),"2,088.75"
N/A (N/A),58.61,35.76,"2,198.33","1,013.54 - 2,123.55","1,572,866",0.99,1.41T,Alphabet Inc. (GOOG),"2,095.89"
3.44 (7.90%),2.40,18.05,48.87,30.95 - 46.22,"8,991,051",0.62,80.488B,"Altria Group, Inc. (MO)",43.31
N/A (N/A),41.83,77.99,"4,002.71","1,626.03 - 3,552.25","3,691,633",1.14,1.643T,"Amazon.com, Inc. (AMZN)","3,262.13"
0.47 (4.18%),0.31,36.10,12.32,5.80 - 12.40,"5,858,488",0.44,17.65B,Amcor plc (AMCR),11.30
2.06 (2.84%),3.42,21.20,85.39,58.74 - 87.66,"1,612,203",0.25,17.937B,Ameren Corporation (AEE),72.56
N/A (N/A),-18.36,N/A,11.94,8.25 - 30.27,"75,846,087",1.83,10.559B,American Airlines Group Inc. (AAL),16.99
2.96 (3.75%),3.86,20.44,93.78,65.14 - 104.63,"2,988,712",0.25,39.19B,"American Electric Power Company, Inc. (AEP)",78.95
1.72 (1.34%),3.77,34.03,130.32,67.00 - 138.04,"3,942,006",1.28,103.315B,American Express Company (AXP),128.31
1.28 (3.02%),-5.72,N/A,41.60,16.07 - 50.66,"4,763,504",1.36,35.839B,"American International Group, Inc. (AIG)",41.60
4.84 (2.12%),4.23,53.86,276.50,174.32 - 272.20,"2,293,458",0.23,101.201B,American Tower Corporation (REIT) (AMT),227.82
2.20 (1.33%),3.65,45.16,165.00,92.00 - 172.56,"864,912",0.22,29.879B,"American Water Works Company, Inc. (AWK)",164.83
4.16 (1.94%),12.20,17.60,231.30,80.01 - 217.74,"653,624",1.69,25.077B,"Ameriprise Financial, Inc. (AMP)",214.70
1.76 (1.68%),-15.76,N/A,126.07,72.06 - 112.88,"1,182,977",0.49,21.398B,AmerisourceBergen Corporation (ABC),104.53
0.72 (0.59%),3.77,32.27,134.46,54.82 - 125.81,"950,991",1.33,27.987B,"AMETEK, Inc. (AME)",121.65
7.04 (2.95%),12.31,19.09,254.20,177.05 - 276.69,"2,523,375",0.73,135.751B,Amgen Inc. (AMGN),235.04
N/A (N/A),3.91,33.91,141.86,63.05 - 137.18,"1,267,588",1.28,39.721B,Amphenol Corporation (APH),132.59
2.48 (1.56%),3.28,48.41,164.02,79.08 - 162.98,"2,546,280",1.32,58.661B,"Analog Devices, Inc. (ADI)",158.80
N/A (N/A),4.40,90.05,350.73,200.07 - 396.62,"397,609",1.23,34.021B,"ANSYS, Inc. (ANSS)",396.13
4.52 (1.54%),17.98,16.29,366.95,171.03 - 340.98,"1,262,037",1.01,72.83B,"Anthem, Inc. (ANTM)",292.84
1.84 (0.81%),8.45,27.12,240.85,143.93 - 238.19,"1,573,998",0.84,53.12B,Aon Plc (AON),229.31
1.04 (1.70%),2.12,28.82,61.22,33.81 - 61.96,"1,136,719",1.04,9.864B,A. O. Smith Corporation (AOS),61.09
N/A (N/A),-20.78,N/A,19.61,3.80 - 29.21,"9,742,495",4.99,6.41B,Apache Corporation (APA),16.98
0.82 (0.61%),3.69,36.65,151.75,53.15 - 145.09,"103,176,690",1.27,2.269T,Apple Inc. (AAPL),135.13
0.88 (0.83%),3.92,28.83,110.48,36.64 - 114.30,"7,079,085",1.47,103.696B,"Applied Materials, Inc. (AMAT)",113.00
N/A (N/A),6.66,23.10,153.90,29.22 - 154.57,"1,773,609",2.19,41.57B,Aptiv PLC (APTV),153.95
1.48 (2.69%),3.15,17.45,57.25,28.92 - 54.95,"2,427,487",0.86,30.541B,Archer-Daniels-Midland Company (ADM),54.92
N/A (N/A),8.94,35.58,302.95,156.63 - 324.67,"561,361",1.11,24.064B,"Arista Networks, Inc. (ANET)",318.05
1.92 (1.65%),4.20,27.70,135.08,65.09 - 129.12,"823,456",0.69,22.538B,Arthur J. Gallagher & Co. (AJG),116.33
2.64 (2.02%),6.99,18.66,163.50,76.27 - 143.67,"424,161",0.61,7.667B,"Assurant, Inc. (AIZ)",130.48
2.08 (7.29%),-0.75,N/A,29.85,26.08 - 38.68,"42,123,956",0.73,204.445B,AT&T Inc. (T),28.69
2.50 (2.72%),5.15,17.69,103.89,77.92 - 121.08,"1,049,711",0.37,11.668B,Atmos Energy Corporation (ATO),91.04
N/A (N/A),1.93,155.71,312.68,125.38 - 321.13,"1,403,108",1.38,66.013B,"Autodesk, Inc. (ADSK)",300.21
3.72 (2.23%),5.77,28.91,180.89,103.11 - 182.32,"1,682,698",0.73,71.38B,"Automatic Data Processing, Inc. (ADP)",166.80
N/A (N/A),76.33,15.07,"1,397.18","684.91 - 1,297.82","265,496",0.89,26.183B,"AutoZone, Inc. (AZO)","1,150.42"
6.36 (3.55%),5.89,30.38,171.41,118.17 - 229.40,"955,429",0.98,24.98B,"AvalonBay Communities, Inc. (AVB)",178.93
2.48 (1.43%),6.61,26.23,181.70,76.96 - 176.38,"456,375",0.98,14.461B,Avery Dennison Corporation (AVY),173.36
0.72 (3.23%),N/A,N/A,27.25,9.12 - 24.04,"6,561,895",1.78,23.324B,Baker Hughes Company (BKR),22.53
0.60 (0.68%),1.76,50.30,104.07,51.26 - 102.76,"1,695,029",0.43,28.959B,Ball Corporation (BLL),88.53
0.72 (2.19%),1.87,17.58,36.07,17.95 - 35.08,"50,733,870",1.54,284.439B,Bank of America Corporation (BAC),32.88
1.24 (2.94%),3.83,11.00,48.88,26.40 - 46.84,"5,431,430",1.03,37.359B,The Bank of New York Mellon Corporation (BK),42.13
0.98 (1.26%),2.13,36.55,92.06,69.10 - 95.19,"2,918,958",0.66,39.772B,Baxter International Inc. (BAX),77.86
3.32 (1.31%),5.26,48.21,281.23,197.75 - 284.97,"1,426,585",0.78,73.625B,"Becton, Dickinson and Company (BDX)",253.39
N/A (N/A),N/A,N/A,N/A,undefined - undefined,N/A,N/A,N/A, (BRK.B),
2.20 (1.85%),6.56,18.22,121.94,48.11 - 124.89,"3,147,967",1.52,30.967B,"Best Buy Co., Inc. (BBY)",119.59
N/A (N/A),116.69,5.52,677.50,309.38 - 648.39,"246,337",0.80,19.221B,"Bio-Rad Laboratories, Inc. (BIO)",643.81
N/A (N/A),24.80,11.24,292.38,223.25 - 363.92,"1,769,814",0.43,42.473B,Biogen Inc. (BIIB),278.81
16.52 (2.28%),31.85,22.65,840.64,323.98 - 788.00,"662,472",1.17,110.042B,"BlackRock, Inc. (BLK)",721.43
N/A (N/A),-20.88,N/A,229.59,89.00 - 349.95,"19,355,885",1.63,122.814B,The Boeing Company (BA),210.66
N/A (N/A),33.69,64.10,"2,126.08","1,107.29 - 2,290.04","402,341",1.23,88.432B,Booking Holdings Inc. (BKNG),"2,159.26"
0.68 (1.59%),1.76,24.34,46.39,17.00 - 46.48,"2,583,437",1.63,10.475B,BorgWarner Inc. (BWA),42.84
3.92 (4.13%),5.54,17.14,102.35,69.69 - 147.83,"1,396,308",N/A,14.782B,"Boston Properties, Inc. (BXP)",94.93
N/A (N/A),N/A,14.92,43.12,24.10 - 43.44,"13,217,841",N/A,55.048B,Boston Scientific Corporation (BSX),38.87
1.96 (3.27%),-3.99,N/A,74.88,45.76 - 67.50,"11,185,206",0.62,135.562B,Bristol-Myers Squibb Company (BMY),59.99
14.40 (3.03%),6.33,75.60,476.54,155.67 - 479.35,"1,686,022",1.04,194.567B,Broadcom Inc. (AVGO),478.39
2.30 (1.58%),4.43,32.85,161.38,81.90 - 158.36,"558,119",0.87,16.831B,"Broadridge Financial Solutions, Inc. (BR)",145.35
,N/A,N/A,,N/A,N/A,N/A,N/A, (BF.B),
N/A (N/A),3.72,24.27,97.71,56.94 - 106.75,"1,262,440",0.72,12.273B,"C.H. Robinson Worldwide, Inc. (CHRW)",90.28
0.40 (2.30%),0.53,32.73,21.40,13.06 - 22.67,"5,851,272",0.22,6.939B,Cabot Oil & Gas Corporation (COG),17.41
N/A (N/A),3.86,37.33,128.33,51.39 - 144.05,"1,504,582",1.06,40.158B,"Cadence Design Systems, Inc. (CDNS)",143.97
1.48 (3.15%),5.82,8.06,51.19,40.70 - 57.54,"2,325,025",0.58,14.229B,Campbell Soup Company (CPB),46.97
1.60 (1.37%),5.18,22.60,127.94,38.00 - 118.43,"3,203,153",1.71,53.776B,Capital One Financial Corporation (COF),117.16
N/A (N/A),4.70,11.14,63.06,39.05 - 60.69,"2,055,274",1.04,15.391B,"Cardinal Health, Inc. (CAH)",52.41
N/A (N/A),4.55,27.87,118.15,37.59 - 128.58,"1,571,325",1.66,20.617B,"CarMax, Inc. (KMX)",126.84
N/A (N/A),-13.21,N/A,18.19,7.80 - 44.44,"50,431,887",2.32,23.13B,Carnival Corporation & plc (CCL),20.72
0.48 (1.21%),N/A,N/A,43.47,11.50 - 41.94,"5,565,462",N/A,32.335B,Carrier Global Corporation (CARR),37.20
N/A (N/A),1.80,68.14,133.90,31.04 - 124.87,"1,236,579",1.49,20.938B,"Catalent, Inc. (CTLT)",123.00
4.12 (2.08%),5.46,36.33,199.55,87.50 - 200.17,"3,126,841",0.95,107.755B,Caterpillar Inc. (CAT),198.35
1.68 (1.91%),4.55,19.32,100.67,72.01 - 126.17,"764,537",0.65,9.508B,"Cboe Global Markets, Inc. (CBOE)",88.00
N/A (N/A),3.19,22.07,64.86,29.17 - 70.67,"1,861,625",1.50,23.599B,"CBRE Group, Inc. (CBRE)",70.35
1.60 (1.02%),5.45,28.79,171.25,73.39 - 157.10,"903,490",N/A,22.436B,CDW Corporation (CDW),156.91
2.72 (2.08%),16.75,7.79,140.90,52.70 - 140.09,"908,420",1.22,15.251B,Celanese Corporation (CE),130.47
N/A (N/A),3.12,19.22,80.74,43.96 - 74.70,"3,909,220",0.51,34.871B,Centene Corporation (CNC),59.97
0.64 (3.01%),-1.88,N/A,24.47,11.58 - 27.53,"5,081,096",0.98,11.577B,"CenterPoint Energy, Inc. (CNP)",21.25
0.88 (1.11%),2.52,30.12,81.95,53.08 - 84.20,"1,517,761",N/A,23.27B,Cerner Corporation (CERN),75.90
1.20 (2.78%),1.32,32.65,44.16,19.73 - 47.00,"2,680,412",1.18,9.233B,"CF Industries Holdings, Inc. (CF)",43.16
0.72 (1.29%),2.12,26.38,64.82,28.00 - 62.04,"9,362,459",1.07,105.097B,The Charles Schwab Corporation (SCHW),55.93
N/A (N/A),15.40,40.17,711.25,345.67 - 681.71,"1,168,764",1.01,119.857B,"Charter Communications, Inc. (CHTR)",618.68
5.16 (5.58%),-2.96,N/A,103.44,51.60 - 112.60,"10,803,338",1.33,177.139B,Chevron Corporation (CVX),92.02
N/A (N/A),12.52,123.25,"1,643.65","415.00 - 1,564.91","280,945",1.31,43.429B,"Chipotle Mexican Grill, Inc. (CMG)","1,543.11"
3.12 (1.90%),7.79,21.29,170.61,87.35 - 166.52,"1,723,819",0.69,74.86B,Chubb Limited (CB),165.85
1.01 (1.21%),3.12,26.51,93.40,47.98 - 98.96,"1,514,558",0.37,20.295B,"Church & Dwight Co., Inc. (CHD)",82.72
4.00 (1.89%),22.96,9.08,255.58,118.50 - 230.90,"1,986,516",0.85,73.08B,Cigna Corporation (CI),208.46
2.52 (2.76%),7.49,12.20,87.83,46.07 - 115.53,"965,791",0.62,14.701B,Cincinnati Financial Corporation (CINF),91.37
3.00 (0.88%),8.91,38.26,370.22,154.33 - 369.20,"462,333",1.50,35.822B,Cintas Corporation (CTAS),341.06
1.44 (2.97%),2.39,19.91,51.29,32.40 - 50.28,"21,409,933",N/A,201.05B,"Cisco Systems, Inc. (CSCO)",47.58
2.04 (3.21%),4.87,12.97,78.85,32.00 - 80.77,"22,827,387",1.91,131.589B,Citigroup Inc. (C),63.20
1.56 (3.90%),2.22,18.00,44.47,14.12 - 41.67,"3,921,532",1.77,17.076B,"Citizens Financial Group, Inc. (CFG)",39.97
1.48 (1.08%),4.00,34.45,159.67,100.31 - 173.56,"1,703,630",0.18,16.943B,"Citrix Systems, Inc. (CTXS)",137.79
4.44 (2.41%),9.56,19.27,213.71,155.83 - 239.87,"1,624,151",0.20,23.163B,The Clorox Company (CLX),184.14
N/A (N/A),5.88,31.07,191.53,131.80 - 225.36,"1,699,583",N/A,65.591B,CME Group Inc. (CME),182.71
1.74 (3.08%),2.64,21.43,65.18,46.03 - 69.17,"1,822,332",0.16,16.348B,CMS Energy Corporation (CMS),56.58
1.64 (3.26%),1.79,28.10,57.29,36.27 - 60.13,"17,909,327",0.62,216.391B,The Coca-Cola Company (KO),50.30
N/A (N/A),2.57,29.95,84.62,40.01 - 82.73,"2,597,629",1.18,40.794B,Cognizant Technology Solutions Corporation (CTSH),76.97
1.76 (2.24%),3.14,24.97,85.60,58.49 - 86.41,"4,103,846",0.62,67.211B,Colgate-Palmolive Company (CL),78.41
1.00 (1.90%),2.28,23.35,59.54,31.71 - 53.31,"18,338,740",1.04,243.829B,Comcast Corporation (CMCSA),53.23
2.72 (4.42%),3.27,18.80,65.16,24.28 - 66.08,"1,828,687",1.63,8.565B,Comerica Incorporated (CMA),61.49
1.10 (3.19%),2.27,15.16,38.06,22.83 - 39.34,"3,513,485",0.83,16.822B,"Conagra Brands, Inc. (CAG)",34.43
1.72 (3.67%),-2.51,N/A,55.73,20.84 - 61.15,"12,508,609",1.81,62.909B,ConocoPhillips (COP),46.44
3.10 (4.32%),4.05,17.72,73.50,62.03 - 94.65,"2,746,114",0.16,24.054B,"Consolidated Edison, Inc. (ED)",71.82
3.00 (1.25%),10.36,22.81,252.89,104.28 - 241.42,"1,144,700",1.19,45.784B,"Constellation Brands, Inc. (STZ)",236.39
0.06 (0.02%),4.81,80.04,380.33,236.68 - 391.96,"262,380",0.83,18.92B,"The Cooper Companies, Inc. (COO)",385.00
N/A (N/A),2.85,40.68,127.44,55.69 - 130.96,"1,286,801",1.02,27.384B,"Copart, Inc. (CPRT)",115.97
0.96 (2.60%),0.54,68.07,40.96,17.44 - 38.84,"3,972,738",1.19,28.121B,Corning Incorporated (GLW),36.76
0.52 (1.19%),-1.28,N/A,45.14,20.38 - 44.96,"3,589,975",N/A,32.37B,"Corteva, Inc. (CTVA)",43.54
2.80 (0.80%),9.74,36.16,400.37,271.28 - 393.15,"2,439,177",0.65,156.009B,Costco Wholesale Corporation (COST),352.20
5.32 (3.28%),2.35,68.94,174.82,114.18 - 180.00,"2,208,091",0.31,69.87B,Crown Castle International Corp. (REIT) (CCI),162.00
1.04 (1.17%),3.60,24.65,100.26,46.81 - 97.54,"4,091,082",1.15,67.672B,CSX Corporation (CSX),88.75
5.40 (2.22%),12.01,20.25,253.00,101.03 - 254.13,"1,108,162",1.13,35.912B,Cummins Inc. (CMI),243.21
2.00 (2.72%),6.05,12.17,85.42,52.04 - 77.23,"8,300,240",0.82,96.336B,CVS Health Corporation (CVS),73.60
0.80 (0.96%),7.40,11.28,95.47,25.51 - 84.41,"3,261,956",1.64,30.351B,"D.R. Horton, Inc. (DHI)",83.45
0.72 (0.30%),4.89,49.21,269.44,119.60 - 248.32,"2,689,451",0.63,171.109B,Danaher Corporation (DHR),240.66
1.48 (1.15%),-0.92,N/A,131.31,26.15 - 133.33,"1,823,646",1.52,16.802B,"Darden Restaurants, Inc. (DRI)",128.92
N/A (N/A),6.68,16.97,119.33,62.20 - 125.28,"755,090",1.32,12.693B,DaVita Inc. (DVA),113.33
3.04 (0.97%),8.69,36.19,321.76,106.14 - 318.27,"1,656,812",0.98,98.873B,Deere & Company (DE),314.46
N/A (N/A),-19.49,N/A,46.74,17.51 - 59.92,"14,892,703",1.45,27.244B,"Delta Air Lines, Inc. (DAL)",42.72
0.40 (0.70%),-0.36,N/A,58.46,31.58 - 60.47,"1,281,717",0.87,12.3B,DENTSPLY SIRONA Inc. (XRAY),56.28
0.44 (2.23%),-8.57,N/A,23.27,4.70 - 23.79,"12,510,214",3.45,12.991B,Devon Energy Corporation (DVN),19.30
N/A (N/A),2.42,169.57,462.17,182.07 - 456.23,"1,029,941",0.78,39.391B,"DexCom, Inc. (DXCM)",410.20
1.50 (2.24%),-26.84,N/A,76.00,14.55 - 81.59,"4,028,180",2.69,10.706B,"Diamondback Energy, Inc. (FANG)",67.77
4.48 (3.09%),2.17,66.61,165.50,105.00 - 165.49,"1,923,185",0.14,40.573B,"Digital Realty Trust, Inc. (DLR)",144.82
1.76 (1.90%),3.60,25.80,107.33,23.25 - 100.96,"2,805,648",1.78,28.48B,Discover Financial Services (DFS),92.77
N/A (N/A),1.80,25.24,34.20,17.12 - 49.94,"8,358,453",1.51,20.271B,"Discovery, Inc. (DISCA)",45.55
N/A (N/A),1.80,21.61,29.33,15.43 - 39.04,"4,035,437",1.51,20.271B,"Discovery, Inc. (DISCK)",39.00
N/A (N/A),2.45,12.91,40.42,17.09 - 42.62,"4,874,006",2.00,16.669B,DISH Network Corporation (DISH),31.69
1.44 (0.72%),10.10,19.80,240.19,125.00 - 225.25,"1,998,716",0.56,49.01B,Dollar General Corporation (DG),200.04
N/A (N/A),4.05,26.94,122.49,60.20 - 115.45,"2,051,370",0.84,25.657B,"Dollar Tree, Inc. (DLTR)",109.09
2.52 (3.45%),-0.22,N/A,82.14,57.79 - 90.89,"4,440,641",0.35,59.604B,"Dominion Energy, Inc. (D)",73.06
3.12 (0.82%),11.69,32.97,430.19,274.99 - 435.58,"539,196",0.43,15.177B,"Domino's Pizza, Inc. (DPZ)",385.20
1.98 (1.62%),4.70,25.98,139.91,62.95 - 130.41,"789,293",1.31,17.595B,Dover Corporation (DOV),122.10
2.80 (4.86%),1.64,35.16,56.95,21.95 - 61.31,"4,183,293",N/A,42.902B,Dow Inc. (DOW),57.67
4.34 (3.56%),7.07,17.26,136.50,71.21 - 135.67,"1,063,640",0.62,23.612B,DTE Energy Company (DTE),121.99
3.86 (4.27%),2.73,33.13,100.13,62.13 - 103.79,"2,947,740",0.25,66.545B,Duke Energy Corporation (DUK),90.42
0.98 (2.34%),0.81,52.12,45.23,25.19 - 43.45,"2,057,145",0.52,15.607B,Duke Realty Corporation (DRE),41.96
1.20 (1.71%),-4.02,N/A,83.95,28.33 - 87.27,"11,183,043",1.31,38.066B,"DuPont de Nemours, Inc. (DD)",70.96
N/A (N/A),-11.21,N/A,30.62,7.90 - 32.31,"3,168,232",2.51,6.525B,DXC Technology Company (DXC),25.63
2.76 (2.59%),3.50,30.42,112.21,34.44 - 110.27,"938,135",1.55,14.425B,Eastman Chemical Company (EMN),106.48
2.92 (2.44%),3.49,35.40,131.50,56.42 - 130.00,"1,991,114",1.15,49.239B,Eaton Corporation plc (ETN),123.53
N/A (N/A),7.89,7.90,69.37,26.02 - 64.85,"8,567,190",1.16,42.399B,eBay Inc. (EBAY),62.31
1.92 (0.89%),-3.74,N/A,214.93,124.60 - 231.36,"958,866",1.01,61.77B,Ecolab Inc. (ECL),216.40
2.65 (4.54%),0.96,60.64,70.80,43.63 - 78.53,"1,694,267",0.61,22.083B,Edison International (EIX),58.34
N/A (N/A),1.30,67.75,94.25,51.51 - 92.08,"2,553,041",1.02,54.889B,Edwards Lifesciences Corporation (EW),88.07
0.68 (0.47%),4.05,36.42,156.90,85.69 - 150.30,"3,231,270",0.91,42.376B,Electronic Arts Inc. (EA),147.33
2.02 (2.37%),3.45,24.65,92.89,37.75 - 87.07,"2,813,738",1.58,51.099B,Emerson Electric Co. (EMR),85.16
N/A (N/A),0.95,209.56,214.81,21.49 - 222.43,"3,666,050",1.24,25.15B,"Enphase Energy, Inc. (ENPH)",199.08
3.80 (4.02%),6.89,13.73,113.19,75.19 - 135.55,"1,377,348",0.53,18.95B,Entergy Corporation (ETR),94.64
1.50 (2.49%),-0.53,N/A,69.09,27.00 - 77.67,"5,584,974",2.13,34.793B,"EOG Resources, Inc. (EOG)",59.64
N/A (N/A),4.24,41.73,207.50,103.01 - 196.47,"747,891",1.34,21.553B,Equifax Inc. (EFX),176.95
10.64 (1.48%),4.18,171.70,847.58,477.87 - 839.77,"510,758",0.31,63.948B,"Equinix, Inc. (REIT) (EQIX)",717.70
2.41 (3.56%),2.55,26.62,61.94,45.43 - 87.19,"2,913,996",0.76,25.227B,Equity Residential (EQR),67.76
8.31 (3.06%),8.69,31.25,262.39,175.81 - 329.74,"495,654",0.76,17.71B,"Essex Property Trust, Inc. (ESS)",271.60
N/A (N/A),2.53,114.67,293.48,137.01 - 290.24,"1,299,987",0.90,105.113B,The Est√©e Lauder Companies Inc. (EL),289.76
N/A (N/A),1.86,121.40,195.81,29.95 - 239.47,"3,592,611",1.62,28.503B,"Etsy, Inc. (ETSY)",226.05
2.14 (3.87%),2.76,19.81,60.29,42.01 - 76.57,"2,255,743",0.38,12.412B,"Evergy, Inc. (EVRG)",54.72
2.41 (2.79%),3.52,24.48,92.47,60.69 - 99.42,"1,478,787",0.33,29.562B,Eversource Energy (ES),86.23
6.20 (2.66%),12.78,19.17,267.78,157.32 - 293.90,"255,867",0.62,9.794B,"Everest Re Group, Ltd. (RE)",244.95
1.53 (3.58%),2.43,17.59,48.50,29.28 - 50.54,"5,006,800",0.46,41.696B,Exelon Corporation (EXC),42.74
N/A (N/A),-15.49,N/A,134.44,40.76 - 153.26,"3,290,358",1.72,21.206B,"Expedia Group, Inc. (EXPE)",149.91
1.04 (1.09%),3.71,25.86,89.00,52.55 - 98.37,"1,135,058",0.77,16.224B,"Expeditors International of Washington, Inc. (EXPD)",95.85
3.60 (3.06%),3.37,34.96,125.54,72.70 - 121.07,"938,854",0.20,15.465B,Extra Space Storage Inc. (EXR),117.73
3.48 (6.81%),-5.25,N/A,51.74,30.11 - 61.53,"30,949,972",1.38,210.973B,Exxon Mobil Corporation (XOM),49.84
N/A (N/A),4.81,42.91,219.00,79.78 - 211.01,"764,812",1.12,12.717B,"F5 Networks, Inc. (FFIV)",206.27
N/A (N/A),10.09,26.80,336.49,137.10 - 304.67,"19,135,809",1.26,769.982B,"Facebook, Inc. (FB)",270.39
1.12 (2.38%),1.49,31.59,51.00,26.72 - 51.89,"3,154,791",1.25,27.033B,Fastenal Company (FAST),47.07
4.24 (4.33%),2.32,42.22,92.67,64.11 - 129.19,"922,291",1.13,7.413B,Federal Realty Investment Trust (FRT),97.99
2.60 (1.01%),9.26,27.47,325.43,88.69 - 305.66,"3,034,064",1.31,67.423B,FedEx Corporation (FDX),254.36
1.56 (1.15%),0.25,540.60,160.09,91.68 - 158.21,"3,927,441",0.85,83.862B,"Fidelity National Information Services, Inc. (FIS)",135.15
1.08 (3.35%),1.83,17.62,34.86,11.10 - 32.82,"5,405,908",1.56,22.987B,Fifth Third Bancorp (FITB),32.25
1.56 (5.01%),1.34,23.21,35.80,22.85 - 52.52,"5,998,861",0.22,16.885B,FirstEnergy Corp. (FE),31.12
0.80 (0.51%),5.81,26.68,163.62,70.06 - 166.82,"978,856",1.10,26.692B,First Republic Bank (FRC),155.00
N/A (N/A),1.40,77.49,136.04,73.50 - 123.78,"4,366,496",0.91,72.532B,"Fiserv, Inc. (FISV)",108.48
N/A (N/A),8.12,32.70,296.22,168.51 - 325.52,"714,175",1.49,22.218B,"FLEETCOR Technologies, Inc. (FLT)",265.56
0.68 (1.24%),1.04,52.43,53.25,23.85 - 59.44,"2,505,180",1.56,7.165B,"FLIR Systems, Inc. (FLIR)",54.63
0.80 (2.05%),1.12,34.71,36.50,18.98 - 48.99,"920,032",1.79,5.074B,Flowserve Corporation (FLS),38.95
1.92 (1.74%),4.22,26.11,132.36,56.77 - 123.66,"659,138",0.99,14.307B,FMC Corporation (FMC),110.26
N/A (N/A),-0.32,N/A,11.15,3.96 - 12.15,"76,982,454",1.20,45.556B,Ford Motor Company (F),11.45
N/A (N/A),2.91,56.02,168.29,70.20 - 163.17,"1,049,527",1.07,26.462B,"Fortinet, Inc. (FTNT)",163.01
0.28 (0.40%),4.49,15.69,76.53,31.22 - 74.25,"1,910,114",1.23,23.832B,Fortive Corporation (FTV),70.53
1.04 (1.15%),3.94,22.95,101.62,33.90 - 93.40,"1,004,970",1.64,12.562B,"Fortune Brands Home & Security, Inc. (FBHS)",90.42
0.46 (1.45%),2.53,12.66,32.70,19.81 - 40.73,"6,057,190",N/A,18.577B,Fox Corporation (FOXA),32.00
0.46 (1.51%),2.53,12.17,51.50,19.13 - 37.74,"1,780,859",N/A,18.577B,Fox Corporation (FOX),30.75
1.12 (4.08%),1.56,17.47,25.38,14.91 - 28.59,"3,827,456",1.29,13.757B,"Franklin Resources, Inc. (BEN)",27.22
N/A (N/A),0.41,75.59,31.46,4.82 - 32.49,"20,668,896",2.23,45.245B,Freeport-McMoRan Inc. (FCX),30.99
N/A (N/A),-2.90,N/A,24.27,5.26 - 26.99,"8,762,080",1.59,8.704B,"The Gap, Inc. (GPS)",23.27
2.44 (1.93%),5.33,24.30,124.71,61.04 - 130.30,"753,008",1.01,24.752B,Garmin Ltd. (GRMN),129.43
N/A (N/A),2.37,76.53,199.25,76.91 - 191.66,"402,837",1.60,16.208B,"Gartner, Inc. (IT)",181.53
N/A (N/A),N/A,14.86,167.67,100.55 - 190.08,"1,501,456",N/A,46.906B,General Dynamics Corporation (GD),163.45
0.04 (0.35%),0.58,19.90,12.24,5.48 - 13.26,"92,750,445",1.08,100.388B,General Electric Company (GE),11.46
2.04 (3.51%),3.90,14.58,63.39,46.59 - 66.14,"4,123,045",0.57,34.797B,"General Mills, Inc. (GIS)",56.91
N/A (N/A),4.33,12.36,61.41,14.33 - 57.05,"21,140,630",1.36,76.575B,General Motors Company (GM),53.50
3.16 (3.14%),-1.33,N/A,101.88,49.68 - 108.55,"813,282",1.11,14.505B,Genuine Parts Company (GPC),100.53
N/A (N/A),0.10,682.86,74.22,56.56 - 85.97,"9,218,912",0.43,83.886B,"Gilead Sciences, Inc. (GILD)",66.92
0.75 (0.81%),6.83,13.57,100.14,56.74 - 111.43,"428,019",1.13,9.703B,Globe Life Inc. (GL),92.71
0.78 (0.39%),1.95,102.38,222.59,105.54 - 215.70,"1,757,730",1.18,59.559B,Global Payments Inc. (GPN),199.64
5.00 (1.65%),24.74,12.22,334.27,130.85 - 309.41,"3,180,040",1.47,104.019B,"The Goldman Sachs Group, Inc. (GS)",302.32
6.12 (1.64%),12.83,29.16,400.73,200.61 - 427.90,"329,330",1.20,19.652B,"W.W. Grainger, Inc. (GWW)",374.15
0.18 (0.91%),-3.34,N/A,21.97,4.25 - 22.58,"11,892,595",2.90,17.266B,Halliburton Company (HAL),19.43
0.60 (3.25%),-0.21,N/A,19.77,6.96 - 20.00,"5,940,183",1.45,6.434B,Hanesbrands Inc. (HBI),18.47
N/A (N/A),4.76,10.58,58.00,19.04 - 59.91,"2,231,098",1.04,18.054B,"The Hartford Financial Services Group, Inc. (HIG)",50.36
2.72 (3.00%),1.62,55.96,106.00,41.33 - 101.24,"864,675",0.98,12.422B,"Hasbro, Inc. (HAS)",90.65
1.92 (1.09%),10.93,16.07,191.90,58.38 - 181.01,"1,515,700",1.65,59.402B,"HCA Healthcare, Inc. (HCA)",175.55
1.20 (3.92%),N/A,N/A,31.24,18.63 - 37.64,"3,647,982",0.66,16.798B,"Healthpeak Properties, Inc. (PEAK)",31.20
N/A (N/A),4.09,17.03,75.20,41.85 - 74.89,"853,596",0.84,9.94B,"Henry Schein, Inc. (HSIC)",69.62
N/A (N/A),6.11,24.62,160.94,109.88 - 161.83,"873,783",0.32,31.309B,The Hershey Company (HSY),150.42
1.00 (1.73%),-10.15,N/A,68.57,26.06 - 64.98,"2,180,632",2.24,17.786B,Hess Corporation (HES),57.92
0.48 (3.38%),-0.25,N/A,12.98,7.43 - 15.18,"10,527,945",1.37,18.355B,Hewlett Packard Enterprise Company (HPE),14.19
N/A (N/A),-1.14,N/A,107.63,44.30 - 116.73,"2,752,730",1.29,30.38B,Hilton Worldwide Holdings Inc. (HLT),109.50
1.40 (4.47%),-2.62,N/A,30.23,16.81 - 45.49,"3,122,950",1.78,5.073B,HollyFrontier Corporation (HFC),31.31
N/A (N/A),5.26,15.20,88.54,26.49 - 85.00,"1,982,262",1.22,20.618B,"Hologic, Inc. (HOLX)",80.02
6.00 (2.15%),11.56,23.97,306.36,140.63 - 292.95,"4,130,072",1.02,298.283B,"The Home Depot, Inc. (HD)",277.06
3.72 (1.84%),6.72,30.09,217.86,101.08 - 216.70,"3,138,774",1.20,141.867B,Honeywell International Inc. (HON),202.18
0.98 (2.03%),1.66,29.02,46.00,39.01 - 52.97,"2,479,727",-0.05,26.013B,Hormel Foods Corporation (HRL),48.18
N/A (N/A),-0.83,N/A,15.50,7.86 - 17.40,"9,442,027",1.41,10.298B,"Host Hotels & Resorts, Inc. (HST)",14.60
N/A (N/A),N/A,N/A,33.50,9.87 - 34.27,"4,065,087",1.74,12.446B,Howmet Aerospace Inc. (HWM),28.75
0.78 (2.83%),2.00,13.69,24.38,12.54 - 27.55,"9,032,738",1.03,35.31B,HP Inc. (HPQ),27.38
2.50 (0.66%),25.31,15.06,477.64,208.25 - 474.70,"963,095",0.85,49.121B,Humana Inc. (HUM),381.19
0.60 (4.19%),0.69,20.74,15.66,6.82 - 15.12,"12,517,933",1.40,14.556B,Huntington Bancshares Incorporated (HBAN),14.31
4.56 (2.67%),14.58,11.70,181.58,136.44 - 270.08,"385,956",0.95,6.905B,"Huntington Ingalls Industries, Inc. (HII)",170.53
2.00 (1.00%),4.94,40.08,210.77,104.56 - 211.71,"390,538",1.09,14.99B,IDEX Corporation (IEX),198.00
N/A (N/A),6.71,78.76,539.00,168.65 - 529.41,"413,851",0.89,45.078B,"IDEXX Laboratories, Inc. (IDXX)",528.47
0.80 (0.86%),2.17,42.94,105.00,44.81 - 101.45,"3,332,440",1.01,36.954B,IHS Markit Ltd. (INFO),93.18
4.56 (2.27%),6.63,30.31,216.88,115.94 - 224.69,"1,068,922",1.11,63.602B,Illinois Tool Works Inc. (ITW),200.94
N/A (N/A),4.31,104.59,334.44,196.78 - 456.66,"1,136,730",1.02,65.878B,"Illumina, Inc. (ILMN)",451.22
N/A (N/A),-1.36,N/A,105.38,62.48 - 110.37,"1,173,909",0.79,18.685B,Incyte Corporation (INCY),84.99
N/A (N/A),-0.49,N/A,49.21,17.01 - 47.78,"2,004,762",1.55,18.389B,Ingersoll Rand Inc. (IR),44.03
1.39 (2.36%),4.94,12.28,62.05,43.61 - 68.09,"40,976,891",0.67,246.462B,Intel Corporation (INTC),60.66
N/A (N/A),3.77,29.52,131.44,63.51 - 119.02,"2,496,756",0.71,62.518B,"Intercontinental Exchange, Inc. (ICE)",111.30
6.52 (5.33%),6.23,19.41,137.00,90.56 - 155.60,"6,289,708",1.25,107.738B,International Business Machines Corporation (IBM),120.91
2.05 (4.26%),1.22,39.48,52.86,26.38 - 53.39,"2,791,532",1.08,18.935B,International Paper Company (IP),48.17
1.08 (4.41%),1.45,16.91,26.95,11.63 - 26.65,"3,730,409",1.01,9.548B,"The Interpublic Group of Companies, Inc. (IPG)",24.48
3.08 (2.27%),3.21,42.61,140.87,92.14 - 143.09,"4,311,106",N/A,34.012B,International Flavors & Fragrances Inc. (IFF),136.77
2.36 (0.58%),7.45,54.90,418.22,187.68 - 409.30,"1,335,837",1.01,112.035B,Intuit Inc. (INTU),408.82
N/A (N/A),8.82,90.57,780.93,360.50 - 826.81,"578,482",1.01,94.037B,"Intuitive Surgical, Inc. (ISRG)",798.83
0.62 (2.73%),1.13,19.99,22.75,6.38 - 22.89,"5,537,248",1.31,10.376B,Invesco Ltd. (IVZ),22.59
N/A (N/A),1.97,126.90,242.48,98.04 - 262.55,"260,283",1.47,13.311B,IPG Photonics Corporation (IPGP),249.73
N/A (N/A),1.43,134.86,218.18,81.79 - 196.96,"984,612",1.39,36.873B,IQVIA Holdings Inc. (IQV),192.85
2.47 (7.44%),0.46,72.26,30.13,21.00 - 41.32,"4,306,822",0.84,9.579B,Iron Mountain Incorporated (IRM),33.24
1.72 (1.16%),3.89,38.22,171.30,123.64 - 200.98,"546,567",0.57,11.308B,"Jack Henry & Associates, Inc. (JKHY)",148.64
0.84 (0.73%),N/A,N/A,127.57,59.29 - 116.73,"709,003",0.90,14.96B,Jacobs Engineering Group Inc. (J),115.00
1.12 (0.76%),4.74,31.08,153.95,75.29 - 156.74,"694,261",1.03,15.565B,"J.B. Hunt Transport Services, Inc. (JBHT)",147.32
3.60 (3.16%),7.73,14.75,117.21,91.88 - 131.69,"1,049,562",0.29,12.718B,The J. M. Smucker Company (SJM),113.97
4.04 (2.42%),5.51,30.14,185.44,109.16 - 173.65,"8,248,020",0.72,437.16B,Johnson & Johnson (JNJ),166.06
1.04 (2.02%),1.24,42.58,55.13,22.78 - 52.93,"5,118,616",1.10,37.995B,Johnson Controls International plc (JCI),52.89
3.60 (2.58%),8.88,15.68,147.08,76.91 - 142.75,"15,078,383",1.19,424.69B,JPMorgan Chase & Co. (JPM),139.27
0.80 (3.11%),0.77,33.45,25.16,15.20 - 27.83,"4,233,733",0.83,8.494B,"Juniper Networks, Inc. (JNPR)",25.76
N/A (N/A),6.54,32.01,238.39,92.86 - 223.59,"848,135",1.01,19.02B,Kansas City Southern (KSU),209.36
2.28 (3.92%),3.45,16.51,66.28,52.66 - 72.88,"2,565,675",0.64,19.592B,Kellogg Company (K),57.00
0.74 (3.93%),1.27,14.78,19.63,7.45 - 20.12,"8,811,440",1.53,18.374B,KeyCorp (KEY),18.83
N/A (N/A),3.31,45.42,145.62,77.93 - 153.21,"1,445,272",0.96,27.978B,"Keysight Technologies, Inc. (KEYS)",150.35
4.56 (3.45%),6.87,19.23,148.28,110.66 - 160.16,"2,245,946",0.54,44.739B,Kimberly-Clark Corporation (KMB),132.09
0.64 (3.57%),2.02,8.89,16.98,7.45 - 19.32,"5,138,066",1.50,7.763B,Kimco Realty Corporation (KIM),17.95
1.05 (7.15%),0.05,312.55,16.83,9.42 - 22.58,"19,278,975",1.07,33.265B,"Kinder Morgan, Inc. (KMI)",14.69
3.60 (1.11%),8.74,37.11,320.12,110.19 - 326.47,"987,712",1.26,49.994B,KLA Corporation (KLAC),324.48
1.60 (4.72%),-0.40,N/A,37.06,19.99 - 36.37,"6,113,975",1.09,43.452B,The Kraft Heinz Company (KHC),35.54
0.72 (2.16%),3.74,8.94,34.96,27.06 - 42.99,"12,756,077",0.31,25.429B,The Kroger Co. (KR),33.40
N/A (N/A),-0.76,N/A,50.64,8.00 - 51.04,"4,623,785",1.70,13.419B,"L Brands, Inc. (LB)",48.25
4.08 (2.18%),7.35,25.51,225.11,142.01 - 230.98,"1,363,911",0.75,39.396B,"L3Harris Technologies, Inc. (LHX)",187.50
N/A (N/A),8.62,27.51,261.53,98.02 - 239.49,"683,064",1.04,23.104B,Laboratory Corporation of America Holdings (LH),237.21
5.20 (0.91%),20.14,28.42,585.43,181.38 - 585.42,"1,458,880",1.31,81.773B,Lam Research Corporation (LRCX),572.21
0.94 (1.22%),2.02,38.25,81.83,39.06 - 96.32,"945,664",0.79,11.307B,"Lamb Weston Holdings, Inc. (LW)",77.26
N/A (N/A),-2.21,N/A,61.77,33.30 - 71.38,"5,741,077",1.47,42.011B,Las Vegas Sands Corp. (LVS),55.00
1.60 (3.73%),1.82,23.56,46.75,22.03 - 46.14,"1,043,474",1.50,5.682B,"Leggett & Platt, Incorporated (LEG)",42.88
1.36 (1.24%),4.26,25.77,117.50,68.00 - 125.84,"796,366",1.00,15.624B,"Leidos Holdings, Inc. (LDOS)",109.78
1.00 (1.06%),7.85,12.05,95.47,25.42 - 95.72,"2,815,195",1.51,28.881B,Lennar Corporation (LEN),94.56
3.40 (1.68%),6.79,29.84,213.79,117.06 - 218.00,"4,732,035",0.28,193.784B,Eli Lilly and Company (LLY),202.58
1.68 (3.24%),2.56,20.23,55.08,16.11 - 61.96,"1,924,977",2.20,10.011B,Lincoln National Corporation (LNC),51.80
4.24 (1.68%),4.71,53.76,288.99,146.71 - 274.58,"1,731,662",0.81,132.847B,Linde plc (LIN),253.11
N/A (N/A),-6.97,N/A,68.82,21.70 - 83.08,"2,731,696",1.38,17.295B,"Live Nation Entertainment, Inc. (LYV)",81.04
N/A (N/A),1.96,19.08,42.22,13.31 - 40.04,"1,811,322",1.68,11.367B,LKQ Corporation (LKQ),37.35
10.40 (3.04%),24.30,13.95,411.29,266.11 - 439.69,"1,683,072",0.94,94.994B,Lockheed Martin Corporation (LMT),339.14
0.25 (0.52%),-3.32,N/A,N/A,27.33 - 54.95,"919,406",0.90,12.877B,Loews Corporation (L),48.22
2.40 (1.37%),7.07,24.86,191.54,60.00 - 180.67,"5,124,335",1.35,128.761B,"Lowe's Companies, Inc. (LOW)",175.73
1.00 (8.01%),N/A,N/A,9.66,8.16 - 16.60,"14,618,001",N/A,12.617B,"Lumen Technologies, Inc. (LUMN)",11.50
4.20 (4.43%),4.24,22.36,95.36,33.71 - 99.86,"1,852,903",1.55,31.662B,LyondellBasell Industries N.V. (LYB),94.82
4.40 (3.09%),9.94,14.31,151.69,85.09 - 171.05,"1,026,209",1.19,18.245B,M&T Bank Corporation (MTB),142.21
0.12 (1.37%),-1.44,N/A,9.32,3.02 - 11.97,"30,937,150",3.30,6.907B,Marathon Oil Corporation (MRO),8.75
2.32 (4.66%),-15.28,N/A,52.93,15.26 - 60.35,"6,851,383",2.15,32.376B,Marathon Petroleum Corporation (MPC),49.76
2.64 (0.48%),7.85,69.52,585.83,275.50 - 606.45,"304,679",0.44,20.717B,MarketAxess Holdings Inc. (MKTX),545.72
N/A (N/A),0.54,235.41,126.18,46.56 - 150.97,"2,690,835",1.87,41.077B,"Marriott International, Inc. (MAR)",126.65
1.86 (1.65%),3.94,28.63,121.71,74.33 - 120.97,"1,756,046",0.87,57.302B,"Marsh & McLennan Companies, Inc. (MMC)",112.80
2.28 (0.72%),11.54,27.60,319.07,135.08 - 321.61,"567,662",0.67,19.838B,"Martin Marietta Materials, Inc. (MLM)",318.56
0.94 (1.71%),4.60,11.95,66.43,27.04 - 60.16,"2,098,293",1.35,14.145B,Masco Corporation (MAS),55.01
1.76 (0.53%),6.37,53.83,384.20,199.99 - 367.25,"4,068,819",1.19,340.969B,Mastercard Incorporated (MA),342.87
1.36 (1.51%),2.78,32.33,92.06,56.12 - 105.54,"1,133,270",0.48,24.028B,"McCormick & Company, Incorporated (MKC)",89.88
N/A (N/A),2.68,35.40,89.36,41.93 - 98.44,"2,086,548",1.24,25.448B,"Maxim Integrated Products, Inc. (MXIM)",94.94
5.16 (2.41%),6.31,33.98,241.93,124.23 - 231.91,"3,377,622",0.62,159.655B,McDonald's Corporation (MCD),214.27
1.68 (0.91%),-25.42,N/A,214.87,112.60 - 187.67,"1,145,453",0.86,28.932B,McKesson Corporation (MCK),181.77
2.32 (1.97%),2.74,43.33,129.29,72.13 - 119.87,"4,376,929",0.73,159.799B,Medtronic plc (MDT),118.72
2.60 (3.48%),2.78,26.88,96.14,65.25 - 87.80,"9,137,629",0.44,189.094B,"Merck & Co., Inc. (MRK)",74.74
1.84 (3.33%),5.68,9.74,56.00,22.85 - 56.15,"5,775,791",1.33,49.386B,"MetLife, Inc. (MET)",55.31
N/A (N/A),24.91,48.26,"1,176.27","579.40 - 1,271.67","129,967",1.01,28.138B,Mettler-Toledo International Inc. (MTD),"1,202.07"
0.01 (0.03%),-2.09,N/A,32.44,5.90 - 36.35,"9,480,200",2.45,17.436B,MGM Resorts International (MGM),35.30
N/A (N/A),1.26,125.30,170.05,53.15 - 157.78,"1,935,588",1.71,42.444B,Microchip Technology Incorporated (MCHP),157.63
N/A (N/A),2.65,32.62,94.45,31.13 - 87.25,"18,035,745",1.25,96.743B,"Micron Technology, Inc. (MU)",86.48
2.24 (0.92%),6.71,36.45,272.95,132.52 - 245.15,"29,752,746",0.82,1.844T,Microsoft Corporation (MSFT),244.49
4.10 (2.97%),2.19,63.00,138.08,82.00 - 148.88,"669,622",0.67,15.78B,"Mid-America Apartment Communities, Inc. (MAA)",137.97
N/A (N/A),49.90,3.20,142.29,56.62 - 161.78,"580,114",1.52,11.371B,"Mohawk Industries, Inc. (MHK)",159.71
N/A (N/A),2.69,16.54,49.62,32.11 - 61.94,"2,398,711",1.15,9.669B,Molson Coors Beverage Company (TAP),44.50
N/A (N/A),2.47,22.54,65.70,41.19 - 60.00,"6,372,688",0.62,78.626B,"Mondelez International, Inc. (MDLZ)",55.68
N/A (N/A),2.22,40.53,101.06,50.06 - 95.11,"2,061,446",1.09,47.481B,Monster Beverage Corporation (MNST),89.94
2.24 (0.80%),9.60,29.01,318.00,164.19 - 305.96,"803,512",1.16,52.332B,Moody's Corporation (MCO),278.66
1.40 (1.88%),6.46,11.41,83.07,27.20 - 77.76,"11,637,751",1.51,133.374B,Morgan Stanley (MS),73.72
0.20 (0.72%),-2.86,N/A,29.45,6.50 - 29.34,"5,399,058",1.78,10.558B,The Mosaic Company (MOS),27.85
2.84 (1.56%),5.45,33.36,206.44,120.77 - 187.49,"870,027",0.76,30.818B,"Motorola Solutions, Inc. (MSI)",181.79
3.12 (0.75%),7.12,59.95,472.56,218.65 - 455.81,"488,904",0.92,35.259B,MSCI Inc. (MSCI),426.86
1.96 (1.38%),5.59,25.47,155.38,71.66 - 145.40,"936,782",0.84,23.354B,"Nasdaq, Inc. (NDAQ)",142.37
1.92 (2.78%),3.07,22.55,65.81,34.66 - 70.64,"2,158,529",1.29,15.449B,"NetApp, Inc. (NTAP)",69.16
N/A (N/A),6.08,91.71,619.73,290.25 - 593.29,"5,037,106",0.83,246.954B,"Netflix, Inc. (NFLX)",557.59
0.92 (3.53%),-0.25,N/A,23.30,10.44 - 26.89,"3,096,832",0.99,11.053B,Newell Brands Inc. (NWL),26.05
1.60 (2.68%),3.18,18.35,76.05,33.00 - 72.22,"6,220,400",0.25,46.9B,Newmont Corporation (NEM),58.38
N/A (N/A),-1.46,N/A,24.45,7.90 - 23.08,"2,828,516",1.62,13.596B,News Corporation (NWSA),23.04
N/A (N/A),-1.46,N/A,N/A,7.88 - 23.01,"786,695",1.62,13.596B,News Corporation (NWS),22.97
1.40 (1.67%),1.48,56.72,89.35,43.70 - 87.69,"7,784,154",0.19,164.464B,"NextEra Energy, Inc. (NEE)",83.95
0.24 (1.06%),-0.42,N/A,21.71,11.62 - 23.99,"5,220,146",1.44,8.273B,Nielsen Holdings plc (NLSN),23.13
1.10 (0.77%),1.77,80.91,162.69,60.00 - 147.95,"5,588,574",0.86,226.289B,"NIKE, Inc. (NKE)",143.54
0.88 (3.87%),-0.78,N/A,25.82,19.56 - 30.46,"3,057,380",0.30,8.718B,NiSource Inc. (NI),22.75
3.96 (1.59%),7.84,31.76,259.39,112.62 - 258.17,"1,221,620",1.32,62.703B,Norfolk Southern Corporation (NSC),248.91
2.80 (2.89%),5.46,17.76,105.20,60.67 - 104.45,"947,558",1.09,20.202B,Northern Trust Corporation (NTRS),96.99
5.80 (1.94%),19.03,15.75,367.83,263.31 - 374.39,"1,060,387",0.78,49.954B,Northrop Grumman Corporation (NOC),299.63
N/A (N/A),N/A,N/A,25.78,15.12 - 24.40,"6,468,482",1.03,12.386B,NortonLifeLock Inc. (NLOK),21.28
N/A (N/A),-13.45,N/A,23.33,7.03 - 54.28,"23,011,914",2.87,7.503B,Norwegian Cruise Line Holdings Ltd. (NCLH),23.77
N/A (N/A),-6.62,N/A,15.38,7.70 - 24.21,"5,912,796",2.29,5.296B,NOV Inc. (NOV),13.64
1.30 (3.03%),16.38,2.62,49.00,19.54 - 43.54,"2,427,554",0.94,10.472B,"NRG Energy, Inc. (NRG)",42.88
1.62 (2.95%),2.36,23.24,57.11,27.53 - 58.52,"1,994,203",1.38,16.561B,Nucor Corporation (NUE),54.85
0.64 (0.10%),6.12,99.73,596.59,180.68 - 610.89,"7,664,735",1.42,377.609B,NVIDIA Corporation (NVDA),610.03
N/A (N/A),230.11,20.46,"5,649.33","2,043.01 - 4,806.54","25,890",1.01,17.4B,"NVR, Inc. (NVR)","4,708.33"
N/A (N/A),23.53,18.41,533.18,251.52 - 496.61,"585,950",1.04,30.504B,"O'Reilly Automotive, Inc. (ORLY)",433.16
0.04 (0.16%),-17.28,N/A,21.26,8.52 - 43.60,"26,207,622",2.44,23.262B,Occidental Petroleum Corporation (OXY),24.98
0.80 (0.38%),5.68,36.63,221.47,105.80 - 216.31,"670,966",1.00,24.41B,"Old Dominion Freight Line, Inc. (ODFL)",208.04
2.60 (3.94%),4.43,14.89,66.67,44.50 - 80.02,"2,278,616",0.91,14.193B,Omnicom Group Inc. (OMC),66.02
3.74 (8.45%),1.46,30.33,41.80,12.16 - 78.48,"3,689,846",2.00,19.678B,"ONEOK, Inc. (OKE)",44.28
0.96 (1.53%),3.31,18.97,66.78,39.71 - 66.20,"10,659,898",0.78,188.783B,Oracle Corporation (ORCL),62.70
0.80 (N/A),N/A,N/A,71.25,38.00 - 68.21,"2,235,562",N/A,27.508B,Otis Worldwide Corporation (OTIS),63.43
1.28 (1.30%),3.74,26.36,98.67,49.11 - 103.19,"1,674,193",1.07,34.175B,PACCAR Inc (PCAR),98.60
4.00 (3.05%),4.84,27.10,136.00,71.05 - 148.14,"605,945",1.00,12.439B,Packaging Corporation of America (PKG),131.17
3.52 (1.29%),11.02,24.78,322.31,93.00 - 293.80,"908,141",1.79,35.242B,Parker-Hannifin Corporation (PH),273.02
2.48 (2.75%),2.93,30.82,96.14,47.87 - 99.95,"1,694,850",0.89,32.561B,"Paychex, Inc. (PAYX)",90.29
N/A (N/A),2.46,165.58,464.69,163.42 - 471.08,"391,772",1.44,23.474B,"Paycom Software, Inc. (PAYC)",407.32
N/A (N/A),3.54,80.52,294.58,82.07 - 302.10,"8,852,606",1.14,333.821B,"PayPal Holdings, Inc. (PYPL)",285.03
0.80 (1.46%),2.14,25.34,60.31,22.01 - 59.30,"1,123,100",1.16,9.018B,Pentair plc (PNR),54.21
0.72 (4.78%),1.32,11.40,15.20,9.37 - 16.36,"5,232,224",1.22,6.391B,"People's United Financial, Inc. (PBCT)",15.05
N/A (N/A),5.05,26.73,153.75,101.42 - 148.77,"4,075,293",N/A,186.206B,"PepsiCo, Inc. (PEP)",134.97
0.28 (0.19%),6.49,22.90,164.86,62.91 - 162.70,"935,811",1.15,16.651B,"PerkinElmer, Inc. (PKI)",148.70
0.90 (2.07%),-0.05,N/A,56.22,40.01 - 63.86,"1,096,303",1.21,6.249B,Perrigo Company plc (PRGO),45.78
1.56 (4.53%),1.71,20.17,41.09,26.45 - 43.08,"49,047,316",0.63,191.376B,Pfizer Inc. (PFE),34.43
4.80 (5.62%),5.16,16.54,97.10,56.01 - 89.73,"5,295,627",0.84,132.944B,Philip Morris International Inc. (PM),85.36
3.60 (4.69%),-9.06,N/A,80.47,40.04 - 92.30,"3,640,490",1.71,33.738B,Phillips 66 (PSX),77.24
3.32 (4.33%),5.61,13.66,87.46,60.05 - 105.51,"880,483",0.29,8.632B,Pinnacle West Capital Corporation (PNW),76.66
N/A (N/A),1.04,124.76,158.32,48.62 - 147.24,"2,402,087",1.97,28.079B,Pioneer Natural Resources Company (PXD),129.87
4.60 (2.89%),16.97,9.39,164.13,79.41 - 162.74,"2,296,938",1.35,67.547B,"The PNC Financial Services Group, Inc. (PNC)",159.31
2.32 (0.70%),7.96,41.45,384.29,160.35 - 401.29,"394,240",0.76,13.248B,Pool Corporation (POOL),329.89
2.16 (1.56%),4.45,31.00,155.43,69.77 - 153.81,"1,284,982",1.14,32.61B,"PPG Industries, Inc. (PPG)",138.06
1.66 (5.94%),2.01,13.87,30.58,18.12 - 36.44,"4,782,746",0.79,21.481B,PPL Corporation (PPL),27.94
2.24 (4.13%),4.41,12.26,55.10,23.31 - 57.00,"1,567,887",1.61,14.772B,"Principal Financial Group, Inc. (PFG)",54.05
3.16 (2.46%),5.29,24.25,151.05,94.34 - 146.92,"7,092,106",0.41,316.01B,The Procter & Gamble Company (PG),128.33
4.90 (5.67%),9.66,8.94,100.63,62.18 - 102.05,"2,802,501",0.48,50.544B,The Progressive Corporation (PGR),86.37
2.32 (2.15%),2.01,53.67,118.44,59.82 - 112.37,"2,869,679",0.78,79.689B,"Prologis, Inc. (PLD)",107.76
N/A (N/A),-0.99,N/A,84.27,38.62 - 97.24,"2,163,091",1.67,32.239B,"Prudential Financial, Inc. (PRU)",81.33
1.96 (3.35%),3.77,15.54,64.13,34.75 - 62.15,"2,327,458",0.57,29.628B,Public Service Enterprise Group Incorporated (PEG),58.57
8.00 (3.43%),6.49,35.91,239.00,155.37 - 240.75,"916,637",0.10,40.746B,Public Storage (PSA),233.07
0.56 (1.13%),5.18,9.57,57.29,17.12 - 50.23,"3,177,462",1.41,13.164B,"PulteGroup, Inc. (PHM)",49.51
N/A (N/A),-15.99,N/A,103.10,28.40 - 108.84,"1,156,543",2.44,6.948B,PVH Corp. (PVH),97.72
N/A (N/A),4.16,42.01,191.32,67.54 - 191.82,"1,250,267",1.44,19.781B,"Qorvo, Inc. (QRVO)",174.65
0.24 (0.31%),2.70,28.50,77.36,23.77 - 79.86,"1,319,737",1.24,10.694B,"Quanta Services, Inc. (PWR)",77.01
2.60 (1.79%),5.85,24.88,172.27,58.00 - 167.94,"8,309,440",1.36,165.356B,QUALCOMM Incorporated (QCOM),145.56
N/A (N/A),10.47,11.94,140.40,73.02 - 134.71,"1,240,983",1.03,16.633B,Quest Diagnostics Incorporated (DGX),125.06
N/A (N/A),-4.03,N/A,123.53,59.82 - 124.18,"1,409,340",1.50,8.295B,Ralph Lauren Corporation (RL),113.44
1.56 (1.38%),6.16,18.41,120.78,54.21 - 113.46,"766,858",1.24,15.623B,"Raymond James Financial, Inc. (RJF)",113.45
1.90 (2.62%),N/A,N/A,84.88,43.44 - 98.04,"7,904,698",1.02,109.904B,Raytheon Technologies Corporation (RTX),72.33
2.81 (4.47%),1.20,52.40,69.61,38.00 - 84.92,"3,063,338",0.72,23.497B,Realty Income Corporation (O),62.93
2.38 (4.64%),0.28,185.02,51.00,31.80 - 64.65,"1,320,169",1.09,8.696B,Regency Centers Corporation (REG),51.25
N/A (N/A),30.52,16.07,652.54,386.84 - 664.64,"959,454",0.16,52.553B,"Regeneron Pharmaceuticals, Inc. (REGN)",490.54
N/A (N/A),1.03,18.78,20.09,6.94 - 19.61,"8,853,548",1.53,18.575B,Regions Financial Corporation (RF),19.34
1.70 (1.86%),3.19,28.61,106.00,65.37 - 103.79,"1,284,443",0.68,29.096B,"Republic Services, Inc. (RSG)",91.29
1.56 (0.78%),4.79,41.86,214.60,108.85 - 224.43,"482,803",0.32,29.179B,ResMed Inc. (RMD),200.53
1.36 (1.86%),2.70,27.06,68.00,32.38 - 73.93,"1,209,880",1.62,8.327B,Robert Half International Inc. (RHI),73.06
N/A (N/A),11.18,22.08,256.15,115.38 - 268.91,"728,512",1.38,28.674B,"Rockwell Automation, Inc. (ROK)",246.86
0.32 (0.85%),0.53,71.04,36.00,20.48 - 43.00,"1,646,151",0.47,18.51B,"Rollins, Inc. (ROL)",37.65
2.25 (0.56%),8.98,44.54,451.22,240.00 - 455.72,"536,862",1.03,41.95B,"Roper Technologies, Inc. (ROP)",400.01
N/A (N/A),0.86,141.72,127.63,56.30 - 124.16,"2,114,479",1.02,43.446B,"Ross Stores, Inc. (ROST)",121.88
N/A (N/A),-19.76,N/A,70.08,19.25 - 118.03,"5,278,093",2.87,16.14B,Royal Caribbean Group (RCL),67.99
3.08 (0.91%),9.66,35.13,400.67,186.06 - 379.87,"1,692,814",0.95,81.691B,S&P Global Inc. (SPGI),339.39
N/A (N/A),3.86,62.53,274.71,115.29 - 284.50,"9,579,203",1.12,221.394B,"salesforce.com, inc. (CRM)",241.24
1.86 (0.70%),-0.13,N/A,327.80,205.20 - 328.37,"660,688",0.18,29.429B,SBA Communications Corporation (SBAC),265.02
0.50 (1.92%),-7.57,N/A,28.12,11.87 - 35.38,"13,752,498",2.39,36.716B,Schlumberger Limited (SLB),26.37
2.68 (3.70%),3.83,18.93,65.35,39.02 - 77.07,"3,618,756",1.16,17.15B,Seagate Technology plc (STX),72.46
0.64 (1.47%),3.22,13.51,51.36,17.06 - 47.90,"1,051,132",1.24,6.749B,Sealed Air Corporation (SEE),43.50
4.18 (3.32%),13.01,9.67,145.94,88.00 - 161.76,"1,761,008",0.65,36.29B,Sempra Energy (SRE),125.80
N/A (N/A),0.59,"1,007.58",594.20,238.93 - 598.37,"1,409,298",0.99,115.981B,"ServiceNow, Inc. (NOW)",594.47
5.36 (0.75%),22.08,32.58,787.90,325.43 - 758.00,"456,293",1.05,65.329B,The Sherwin-Williams Company (SHW),719.29
5.20 (4.76%),3.59,30.44,102.06,42.25 - 142.77,"5,617,035",1.54,35.855B,"Simon Property Group, Inc. (SPG)",109.27
2.00 (1.06%),6.33,29.84,198.96,67.90 - 189.70,"2,327,622",1.16,31.127B,"Skyworks Solutions, Inc. (SWKS)",188.76
3.64 (5.63%),4.87,13.28,67.51,36.21 - 98.80,"1,622,941",1.66,4.428B,SL Green Realty Corp. (SLG),64.64
4.92 (2.59%),11.44,16.60,185.63,90.72 - 193.54,"459,650",1.27,10.295B,Snap-on Incorporated (SNA),189.89
2.56 (4.18%),2.99,20.51,63.69,41.96 - 70.37,"3,703,716",0.43,64.737B,The Southern Company (SO),61.29
N/A (N/A),-5.44,N/A,56.32,22.47 - 58.83,"8,264,454",1.22,30.373B,Southwest Airlines Co. (LUV),51.42
2.80 (1.60%),7.77,22.49,213.46,70.00 - 195.00,"1,139,432",1.45,27.999B,"Stanley Black & Decker, Inc. (SWK)",174.75
1.80 (1.70%),0.57,186.37,108.86,50.02 - 107.75,"6,337,943",0.86,124.629B,Starbucks Corporation (SBUX),105.86
2.08 (2.85%),6.32,11.54,87.50,42.10 - 81.82,"2,331,751",1.58,25.752B,State Street Corporation (STT),72.92
1.60 (0.88%),5.03,36.26,222.00,105.69 - 203.91,"439,546",0.55,15.563B,STERIS plc (STE),182.34
2.52 (1.04%),4.20,58.41,251.91,124.54 - 247.44,"1,153,320",0.96,92.197B,Stryker Corporation (SYK),245.34
N/A (N/A),22.87,21.88,500.94,127.39 - 509.70,"427,467",2.08,25.964B,SVB Financial Group (SIVB),500.39
0.88 (2.36%),2.27,16.42,45.72,12.15 - 40.69,"5,353,243",1.81,21.772B,Synchrony Financial (SYF),37.28
N/A (N/A),4.27,67.14,272.36,104.90 - 287.11,"756,258",1.09,43.874B,"Synopsys, Inc. (SNPS)",286.70
1.80 (2.36%),-0.66,N/A,79.13,26.00 - 79.96,"2,933,180",1.41,38.904B,Sysco Corporation (SYY),76.22
N/A (N/A),2.65,47.00,153.30,63.50 - 135.54,"3,841,725",0.57,154.481B,"T-Mobile US, Inc. (TMUS)",124.40
4.32 (2.65%),9.98,16.35,174.77,82.51 - 169.00,"1,060,611",N/A,36.954B,"T. Rowe Price Group, Inc. (TROW)",163.20
N/A (N/A),4.27,46.17,215.70,100.00 - 214.91,"1,450,043",0.63,22.704B,"Take-Two Interactive Software, Inc. (TTWO)",197.12
N/A (N/A),-1.55,N/A,41.92,10.18 - 40.18,"4,535,311",1.48,10.869B,"Tapestry, Inc. (TPR)",39.12
2.72 (1.43%),7.54,25.26,201.09,90.17 - 199.96,"4,079,041",1.00,95.352B,Target Corporation (TGT),190.41
1.92 (1.52%),0.34,370.96,135.56,48.62 - 131.97,"1,731,704",1.38,42.225B,TE Connectivity Ltd. (TEL),127.61
0.13 (1.31%),-12.64,N/A,12.65,4.49 - 18.03,"7,224,651",2.49,4.485B,TechnipFMC plc (FTI),10.35
N/A (N/A),10.60,36.68,429.20,195.34 - 398.68,"270,461",1.07,14.373B,Teledyne Technologies Incorporated (TDY),388.96
1.36 (0.33%),7.77,52.32,445.09,221.27 - 414.72,"227,061",1.21,18.932B,Teleflex Incorporated (TFX),406.55
0.40 (0.30%),4.28,31.55,131.60,42.87 - 143.40,"1,643,383",1.36,22.424B,"Teradyne, Inc. (TER)",135.04
N/A (N/A),0.64,"1,268.22",610.34,70.10 - 900.40,"43,642,508",2.09,779.075B,"Tesla, Inc. (TSLA)",811.66
4.08 (2.34%),5.97,30.03,179.62,93.09 - 179.48,"4,245,419",1.06,164.925B,Texas Instruments Incorporated (TXN),179.22
0.08 (0.16%),1.35,37.54,51.42,20.26 - 50.86,"1,158,954",1.73,11.59B,Textron Inc. (TXT),50.64
0.88 (0.18%),15.96,30.96,567.06,250.21 - 532.57,"1,819,517",0.81,195.809B,Thermo Fisher Scientific Inc. (TMO),494.05
1.04 (1.51%),0.62,110.96,75.83,32.72 - 70.96,"7,381,654",0.98,82.867B,"The TJX Companies, Inc. (TJX)",69.02
2.08 (1.33%),6.38,24.66,161.50,63.89 - 160.92,"1,305,704",1.00,18.328B,Tractor Supply Company (TSCO),157.33
N/A (N/A),N/A,N/A,159.44,70.00 - 156.27,"1,347,779",1.24,35.972B,Trane Technologies plc (TT),150.87
N/A (N/A),6.57,87.52,667.50,200.06 - 660.02,"309,195",1.67,31.447B,TransDigm Group Incorporated (TDG),575.02
3.40 (2.33%),10.52,13.91,151.60,76.99 - 152.29,"1,395,395",0.78,36.936B,"The Travelers Companies, Inc. (TRV)",146.34
N/A (N/A),1.55,47.12,76.40,20.01 - 74.90,"2,021,111",N/A,18.273B,Trimble Inc. (TRMB),73.04
1.80 (3.35%),N/A,N/A,56.90,24.01 - 55.47,"5,629,632",1.32,71.198B,Truist Financial Corporation (TFC),52.78
N/A (N/A),-1.44,N/A,58.34,20.00 - 69.02,"15,417,843",0.75,54.529B,"Twitter, Inc. (TWTR)",68.56
N/A (N/A),4.69,99.37,479.50,247.22 - 466.65,"263,388",0.60,18.794B,"Tyler Technologies, Inc. (TYL)",466.05
1.78 (2.72%),5.86,11.15,76.23,42.57 - 81.70,"2,490,100",0.80,23.832B,"Tyson Foods, Inc. (TSN)",65.34
1.44 (3.32%),0.20,216.60,41.47,29.20 - 51.25,"2,028,185",0.75,12.849B,"UDR, Inc. (UDR)",43.32
N/A (N/A),4.01,79.95,304.50,124.05 - 322.11,"984,216",1.76,18.076B,"Ulta Beauty, Inc. (ULTA)",320.85
1.68 (3.56%),3.06,15.44,54.13,28.36 - 55.69,"7,427,025",1.12,71.211B,U.S. Bancorp (USB),47.25
N/A (N/A),-1.21,N/A,21.92,7.15 - 23.50,"5,524,400",1.19,9.577B,"Under Armour, Inc. (UAA)",22.99
N/A (N/A),-1.21,N/A,14.00,6.37 - 19.62,"3,665,103",1.19,9.577B,"Under Armour, Inc. (UA)",19.21
N/A (N/A),7.88,26.30,230.23,105.08 - 221.28,"2,787,559",1.11,138.809B,Union Pacific Corporation (UNP),207.23
N/A (N/A),-25.30,N/A,48.89,17.80 - 82.60,"17,986,798",1.63,13.547B,"United Airlines Holdings, Inc. (UAL)",43.44
5.00 (1.50%),16.03,20.78,396.13,187.72 - 367.95,"3,268,908",0.76,316.024B,UnitedHealth Group Incorporated (UNH),333.07
4.04 (2.44%),1.64,99.01,175.92,82.00 - 178.01,"3,894,098",1.01,140.45B,"United Parcel Service, Inc. (UPS)",162.37
N/A (N/A),12.20,22.94,273.47,58.85 - 282.96,"834,217",2.12,20.203B,"United Rentals, Inc. (URI)",279.82
N/A (N/A),10.20,12.75,148.64,65.20 - 143.84,"592,746",1.21,11.051B,"Universal Health Services, Inc. (UHS)",130.04
1.14 (4.70%),3.89,6.24,24.00,9.58 - 30.42,"2,478,001",1.73,4.946B,Unum Group (UNM),24.28
3.92 (6.07%),-3.50,N/A,67.76,31.00 - 86.79,"4,725,398",2.16,26.323B,Valero Energy Corporation (VLO),64.55
N/A (N/A),3.03,58.08,177.75,89.62 - 176.44,"765,775",1.06,16.172B,"Varian Medical Systems, Inc. (VAR)",176.09
1.80 (3.55%),0.91,56.02,47.10,13.35 - 63.38,"2,382,016",1.32,19.009B,"Ventas, Inc. (VTR)",50.75
N/A (N/A),6.93,29.51,240.57,148.77 - 221.30,"616,000",0.80,23.341B,"VeriSign, Inc. (VRSN)",204.55
1.08 (0.57%),4.03,46.98,211.93,116.61 - 210.66,"681,408",0.80,30.778B,"Verisk Analytics, Inc. (VRSK)",189.30
2.51 (4.60%),4.30,12.70,60.94,48.84 - 61.95,"17,034,882",0.47,225.935B,Verizon Communications Inc. (VZ),54.60
N/A (N/A),10.29,20.46,283.88,197.47 - 306.08,"1,876,206",0.64,54.737B,Vertex Pharmaceuticals Incorporated (VRTX),210.49
1.96 (2.42%),-0.43,N/A,94.19,45.07 - 89.68,"2,365,700",0.97,31.529B,V.F. Corporation (VFC),80.49
0.96 (1.68%),N/A,N/A,36.52,10.10 - 60.73,"14,130,772",1.81,35.309B,ViacomCBS Inc. (VIAC),57.20
N/A (N/A),N/A,N/A,21.63,12.75 - 23.10,"14,568,891",1.58,22.168B,Viatris Inc. (VTRS),18.24
1.28 (0.62%),4.84,43.49,241.17,133.93 - 220.39,"8,868,769",0.98,464.474B,Visa Inc. (V),210.66
N/A (N/A),N/A,N/A,40.13,26.36 - 39.00,"2,700,748",N/A,5.717B,Vontier Corporation (VNT),33.93
2.12 (5.42%),0.28,139.57,40.73,27.64 - 68.50,"2,727,135",1.40,7.474B,Vornado Realty Trust (VNO),39.08
1.36 (0.85%),4.58,34.92,158.85,65.56 - 168.24,"886,916",0.58,21.21B,Vulcan Materials Company (VMC),160.06
0.48 (0.70%),2.81,24.40,68.11,43.05 - 79.92,"1,028,587",0.81,12.192B,W. R. Berkley Corporation (WRB),68.56
0.48 (0.58%),2.41,33.58,83.40,35.07 - 84.32,"1,320,353",1.68,15.424B,Westinghouse Air Brake Technologies Corporation (WAB),81.04
2.16 (1.50%),6.93,20.78,162.67,102.00 - 153.66,"7,590,724",0.48,407.474B,Walmart Inc. (WMT),144.02
1.87 (3.62%),-0.80,N/A,46.44,33.36 - 55.49,"8,338,666",0.47,43.306B,"Walgreens Boots Alliance, Inc. (WBA)",50.12
N/A (N/A),-1.59,N/A,188.70,79.07 - 191.25,"12,174,838",1.20,346.36B,The Walt Disney Company (DIS),190.91
2.30 (2.03%),3.54,31.97,130.00,85.34 - 126.79,"1,563,212",0.77,47.847B,"Waste Management, Inc. (WM)",113.22
N/A (N/A),8.36,33.83,274.62,154.39 - 299.06,"393,451",0.82,17.549B,Waters Corporation (WAT),282.83
2.71 (3.23%),3.79,22.15,95.00,68.01 - 109.53,"1,288,146",0.17,26.481B,"WEC Energy Group, Inc. (WEC)",83.95
0.40 (1.20%),0.41,79.80,37.75,20.76 - 48.49,"38,946,898",1.27,135.592B,Wells Fargo & Company (WFC),32.72
2.44 (3.67%),2.33,28.51,63.42,24.27 - 89.99,"2,608,875",1.03,27.727B,Welltower Inc. (WELL),66.43
0.66 (0.23%),4.13,70.48,298.00,124.53 - 312.12,"457,062",1.00,21.519B,"West Pharmaceutical Services, Inc. (WST)",291.09
N/A (N/A),0.55,115.44,63.92,27.40 - 71.30,"4,769,451",1.62,19.576B,Western Digital Corporation (WDC),63.96
0.94 (3.99%),1.79,13.16,24.89,17.39 - 26.60,"4,591,448",1.00,9.688B,The Western Union Company (WU),23.56
0.80 (1.86%),-2.61,N/A,52.07,21.50 - 47.77,"1,986,646",1.26,11.355B,WestRock Company (WRK),43.09
0.68 (1.99%),1.07,32.10,36.11,13.10 - 35.23,"4,227,395",1.91,25.565B,Weyerhaeuser Company (WY),34.25
5.00 (2.54%),17.07,11.52,205.50,64.00 - 214.68,"761,722",1.89,12.189B,Whirlpool Corporation (WHR),196.60
1.64 (7.36%),0.18,125.17,25.43,8.41 - 22.92,"9,608,590",1.49,27.039B,"The Williams Companies, Inc. (WMB)",22.28
2.84 (1.24%),7.65,29.87,248.54,143.34 - 232.34,"1,031,841",0.77,29.466B,Willis Towers Watson Public Limited Company (WLTW),228.48
N/A (N/A),-19.37,N/A,113.20,35.84 - 137.58,"3,260,372",2.50,13.136B,"Wynn Resorts, Limited (WYNN)",114.58
1.72 (2.79%),2.79,22.07,69.23,46.58 - 76.44,"2,543,577",0.28,33.082B,Xcel Energy Inc. (XEL),61.57
1.00 (4.24%),0.85,27.68,17.80,14.22 - 38.69,"2,340,851",1.89,4.678B,Xerox Holdings Corporation (XRX),23.58
N/A (N/A),2.50,57.70,139.07,67.68 - 154.93,"2,992,188",1.02,35.369B,"Xilinx, Inc. (XLNX)",144.20
N/A (N/A),1.40,70.67,94.08,54.62 - 108.84,"948,388",1.04,17.849B,Xylem Inc. (XYL),98.94
2.00 (1.91%),2.94,35.88,112.50,54.95 - 110.66,"1,615,941",1.05,31.644B,"Yum! Brands, Inc. (YUM)",105.48
N/A (N/A),8.76,53.66,425.78,150.06 - 477.68,"357,119",1.63,25.063B,Zebra Technologies Corporation (ZBRA),470.08
0.96 (0.60%),-0.67,N/A,178.58,74.37 - 170.05,"1,163,751",1.35,33.623B,"Zimmer Biomet Holdings, Inc. (ZBH)",162.21
N/A (N/A),3.02,16.20,53.31,23.58 - 51.22,"2,001,685",1.60,8.026B,"Zions Bancorporation, National Association (ZION)",48.91
1.00 (0.61%),3.47,47.39,185.00,90.14 - 176.64,"1,759,987",0.64,78.153B,Zoetis Inc. (ZTS),164.44
